rank,address,bounty_held,plates_held,numetal_allocation,per_batch
1,0xb1fd2b6fc1aca584b7ac497546a22a01a684c6be,2021264879,0,41602862,8320572
2,0xbda66238a4813e6fa8e5bf7abd5dee74a7670dd8,2013454463,0,41442104,8288421
3,0xa47cbafd56b61188dce9cdd9a9ec7f248f944cc1,1979875970,0,40750971,8150194
4,0xff362edf848f59a767326652c6c6252fcebebc8d,1345505425,0,27693984,5538797
5,0xae26317c19a996bccc3e3a56b8502b4bb95d781b,1275415393,0,26251350,5250270
6,0x3348862b22ee635b295e3c99660d094a10973da3,1053334893,0,21680358,4336072
7,0x83e31de2cdbe3099eb7b8c7e6b6e10a284efb100,1037594618,0,21356383,4271277
8,0xf8c2dcab9bd5e38de9cd3d4dbdf7a68d344c2fc5,1000000000,0,20582588,4116518
9,0x9f5a1233be572e04ee2ec297ca9229977110c006,970808846,0,19981759,3996352
10,0xfcda219ead1f07db35432f68d8adbdf1a42bfcea,914782183,0,18828585,3765717
11,0xa358fc7b2732e62588e892040de4df34df401958,907672501,0,18682249,3736450
12,0xff0632fadbfc39df7871117d23160d25a191e33c,844534370,0,17382703,3476541
13,0x2a5bd8aef7ff9bad95bee55da4501cba99cfef3b,694660833,0,14297918,2859584
14,0xc2efeccddcdf6bfc1ae1b4bc333de648ca22979d,635669592,0,13083725,2616745
15,0xd72bb2a6435fe3f5b0c25286a9c4dd934b66fcde,584967300,0,12040141,2408028
16,0xe98a6f350f3900776ea96cadbf01574e458a162b,461229153,0,9493290,1898658
17,0x4123ffc81579e38dfff74b75d8bdf21c41e62237,343188635,0,7063710,1412742
18,0x81e0ecbe6498e57c6ed4f4712b1fcecd12f21f53,307087986,0,6320666,1264133
19,0x82c91cf6b23dcbe4c127e4b571af0521ae0cca33,256369881,0,5276756,1055351
20,0xf0b4409ebd2e09121b8a813f8a0ed0a37e72aad5,251660910,0,5179833,1035967
21,0x0e3d0d6919e016be0774b7f1524363bd641f46b1,251160404,0,5169531,1033906
22,0x96d4b1f6962bef2ab379ed1003a4ed152c519751,239684291,0,4933323,986665
23,0xbb54efbf1705ea3d70098dc87bff264835c29b9c,216063475,0,4447145,889429
24,0x3ff898a592567bc41551c9cab0438cb0014e4ee4,205448073,0,4228653,845731
25,0x1c83fd19418b926214f4babf7602c2878ec91fb1,200000000,0,4116518,823304
26,0x0347b84b72275d9a300db2d8bc63e49b688468de,176979685,0,3642700,728540
27,0x3452556f6180a7d243048c99fb27d19a6b159078,168860363,0,3475583,695117
28,0x210c3ce17e858ac425ee9c5bf1651a7a59537036,168647861,0,3471209,694242
29,0xae58037ddd3e9fc6edc716efe04671f06cb5644c,161989558,0,3334164,666833
30,0xefd984404cef9fa05bf78f16b38e3e8ff908406a,153212030,0,3153500,630700
31,0x5aafc1f252d544f744d17a4e734afd6efc47ede4,151513174,4585,3118535,623707
32,0xb2f760d7ab1d8ffbd7d5dbf69c01a93bfc3e4f14,139524344,0,2871772,574354
33,0xe02109890ba9254caafc40fc59e8fcf7991aebd3,125498210,0,2583078,516616
34,0x270e015c852c14a01d57a49bd7215b5c136992cc,123775203,0,2547614,509523
35,0x965fdc396082ea2f47c0c90b59ce1bd5ec2b32b9,111952029,0,2304262,460852
36,0xf94122ecc777d73ae15fc26378e18661b419d445,110880913,0,2282216,456443
37,0xe50aa6c185d147654e94ef0241e310e76bbc18a5,110745051,0,2279420,455884
38,0x14731b6d0ea85bf7d016dc0c06febc1eb26707f9,110362428,0,2271544,454309
39,0x0fac3cc99dc2755f526f575ff9f12be8d07f1569,101678018,0,2092797,418559
40,0x547ae9ebe18fd06209cf44c009d82299649dafc0,93766502,0,1929957,385991
41,0xef1366bb04b3ef7f8c6ff01e5dd33e3269678a25,88760411,0,1826919,365384
42,0x78c3c03cf627ad7cb08ece8bffea792fa2242497,81195030,0,1671204,334241
43,0x1c4beb276654c4fa614fb87f9367ba6ef714140a,73398677,0,1510735,302147
44,0x70be9825d54db1aed8e3bb2ee5ec7dba537ed8a0,71093901,0,1463296,292659
45,0xf0344f61edf4599a46743a92fbba74d365b16352,70038866,0,1441581,288316
46,0x8f6620c74b2bf1f21a07187c88127689c3935c8a,63643066,0,1309939,261988
47,0x6a48ade3be3f9f0b8b4c9af61bb654a219311699,62668426,0,1289878,257976
48,0xbad19e37e23ebb8e91ad0b7bfdbc193f4010ba2e,60858264,0,1252621,250524
49,0x94ffff0ddecee6963a4e6307bad2f59e2f1319e6,58730120,0,1208818,241764
50,0x8bc4a7aaeb0318c4a92b7fdf6d005b9ca5db9f1c,57481653,0,1183121,236624
51,0x5834aafff2ed90f6684ef67d0682849e6cf01821,56778470,0,1168648,233730
52,0xf88b5091f128fdac67a16d8827a4522f32f6f53c,50159436,0,1032411,206482
53,0x13701f58031e900030fc78ffec9395c147df8275,47387381,0,975355,195071
54,0x6c29dce86218f12b7aa6095ef89de2c45536f19f,47022647,0,967848,193570
55,0xf98858e832868ff17696128ddf77bda9a555166d,46715761,0,961531,192306
56,0x4f82e73edb06d29ff62c91ec8f5ff06571bdeb29,45308527,0,932567,186513
57,0x2ebda541b76826b63cd472e4e816de1ba0ef5fe2,41661695,0,857505,171501
58,0x0ff6e1657d036f94b50e583e9d8a1c32e07a9670,40908449,0,842002,168400
59,0x197e2a017969dd7972a0a28ffce67234beafef32,39678578,0,816688,163338
60,0xa9f94fd53078553e0149c9a98552d84f7eaa12e4,38524008,0,792924,158585
61,0xa4cdcb00c6a9917712507f893197bf6461342ad7,36556317,0,752424,150485
62,0xba2304d1f48ac01cf01427fc9d9ae3d21e71b536,33780504,0,695290,139058
63,0x0118625a72e707399cdae52a54f57cbb09fc88c5,33032374,0,679892,135978
64,0x03142dc12e63d1ca3b3de1956c4d84f88327db4a,30406735,0,625849,125170
65,0x0851d2eda357c230748c9960917a6a2159f9e42d,30371980,0,625134,125027
66,0xd0f8bac7624e405f8bf816b20c879391d4bbc659,30288259,0,623411,124682
67,0xfcc04d34fe50e8b9f14138292b7c8ac032ae6118,30255109,0,622728,124546
68,0x7260a16742e3a15b68a162e029628e50298abfb1,30177926,0,621140,124228
69,0xcd6b980029e6e6e0733ac8ec3e02be9410d09799,27806533,0,572330,114466
70,0xc90fb8f96b32d20d80c45cf16f9bec26a8e945af,26355547,0,542465,108493
71,0x0da4a3ee229f49e96cadbd77e7896629d283bc15,25887020,0,532822,106564
72,0x36e9c481b943a47b21b088b54c51f1e7aa779517,24835372,0,511176,102235
73,0x8d27e6ba7a865ebb3c1df38f3fdadc2be1a4011b,23710449,0,488022,97604
74,0x84e167fa46bf633bad8822d660dc19d250038d09,23509663,0,483890,96778
75,0xb8599c47e3fdbbbb39aeb93c63511a821b4ccb76,22894861,0,471235,94247
76,0x21bd040d2d52a9d154a91cd3819da16df4efe4d2,20295343,0,417731,83546
77,0xa60e24e488706ae901c8978447062c5e9ba78ceb,19165648,0,394479,78896
78,0x76d03c39ef350e1a136c8ce2454ff86ef2c70fb1,18632967,0,383515,76703
79,0xdc51eac89c416c671dac56c6136d54e85a8844ed,18595254,0,382738,76548
80,0x9ec69adb158f1386b4f162c5d3c19e5e25e4dde1,18579787,0,382420,76484
81,0x08e67e6f04d5feb3552f987750f0d05fd4bc5e64,17768894,0,365730,73146
82,0x53bae862b49a870e7ecc155674e871db8f394293,17713853,0,364597,72919
83,0x732dcad16246d2976024854fb6579b9ae531e34a,17405787,0,358256,71651
84,0x99edbb4393f739dc9310a7d06a43d1264896e927,17179955,0,353608,70722
85,0x66943c59cf4a93219373383ad4d43d69df02e0c6,16874492,0,347321,69464
86,0x6cef708c8faebb5350e6e52ee73b1564d213ad0e,15780049,0,324794,64959
87,0x2e38fe492190d3892f0fb89637850dd67dac12c5,14618459,0,300886,60177
88,0xc9b479e190fb6a9ed4268a858f3af3523f78accb,14233052,0,292953,58591
89,0xe4ebea428d8aaae7fed2abd4cc28c8ebab4e53c1,14172428,0,291705,58341
90,0x46c152bf05c75eb3a2d96157097d24a04c9323b4,13592915,0,279777,55955
91,0x5442cbcdfe29ced89fc8544c718e005d765c1aa2,12525047,0,257798,51560
92,0xbd211b0a70be6b7c55bfb725a7e1ed8469925dc9,12127611,0,249618,49924
93,0x8a2359734e3da39c1ffdf8c8adce4325fbe861af,12074590,0,248526,49705
94,0x48b51287fb5281ea0913100809c3b7f1649c7996,11586140,0,238473,47695
95,0xd6686ee70801cca131e1107e001914c9b8ecd6d6,11262330,0,231808,46362
96,0x2cffed5d56eb6a17662756ca0fdf350e732c9818,11165339,0,229812,45962
97,0xbf89bf99d8ab8996763e7b95494af9a0ff4feeb7,10498135,0,216079,43216
98,0x547852436b9d3b8fff4bf7f76a992112ecf19a17,10363309,0,213304,42661
99,0x0d5d7019f215013e275058f1cea2c73b59fa32ed,10004526,0,205919,41184
100,0x8c1c79c12bd54dda70c6a81d94fb0ed06b65d1ca,10000000,0,205826,41165
101,0xaf68e51f30a7ea63343b81ce9220ae44a2d6a811,10000000,0,205826,41165
102,0x98348d69cd9f866c0e709db0257ef3d734ecdf41,9837416,0,202479,40496
103,0xbf2d4e930b360bf7156c2636b98380dc92128647,9784599,0,201392,40278
104,0x3de84c1738e1650213dde84defb96528d33a1a6b,9517464,0,195894,39179
105,0x9353cc2583356ce6ea8f92e239d7c9eb8412acaf,8896675,0,183117,36623
106,0xcafc15535de767524145261f959105d575d024ce,8556403,0,176113,35223
107,0x2eed9fd6af39255185893f93c4c0f7bbd0c61b93,8507622,0,175109,35022
108,0xc6d9afa973c77a1a0ddd2eadf7296ee4353f15cb,8217418,0,169136,33827
109,0x1fb042e0ec707056e2f74809cfb9e5c7f8f83d9c,7865820,0,161899,32380
110,0x73bc8ae2c4a862b38a26c7162c643b02325d2197,7771110,0,159950,31990
111,0xf069ed2d629872480781813172ed1e5acf1fa0c8,6905054,0,142124,28425
112,0x48b8419b2bc0fb63ee96e3a370e30b200cc2e672,6735948,3232613,139579,27916
113,0xead5447fcd67fc1a1ec7b52edda0674d02e14e7d,6664477,0,137172,27434
114,0xa1f74d7f1e73648fe06dc578ef87284b2854774f,6576847,0,135369,27074
115,0x4d6bccd22457009954c5f9e8a1dc613d68441eae,6526743,0,134337,26867
116,0x5b188979fdaca60244959d028dcf8ed8db6fc9e9,6106085,0,125679,25136
117,0x403843f57c8bebcddafa719a231daefed435ab66,5998115,0,123457,24691
118,0x2205091c61b06256bceda7e19412f43fe5a653ba,5934124,0,122140,24428
119,0xbb9145534510ea3f2df35e8ed37f0f6e6996a00a,5841082,0,120225,24045
120,0xfed8f4f26663aa38d9b81d681a71340dcc03788f,5806242,0,119507,23902
121,0xdf7801c5646f8f667a1a73ab95e798a5bc977a0e,5774078,0,118845,23769
122,0x091c4255788935973042882e174079e2c8c30a40,5504483,0,113296,22659
123,0x265bb73d7cfd0e31b988127fb2b7e32c6e86d630,5448571,0,112146,22429
124,0x8b46eb7cafbb0e34f08a2746203b12a1d083204a,5305926,0,109210,21842
125,0xac9e05eaee070730782bb77d17272d8946b07d56,5261848,0,108302,21660
126,0x0377cc080f925ccbf732483b122a2e55618473c6,4942762,0,101735,20347
127,0x239c2fbad2439d2c26cf82c0d45b21a9e2cd780d,4766792,0,98113,19623
128,0xb7bfceeae9351d169d99fc89ce3d1e29d1806f01,4688653,0,96505,19301
129,0xf47fbe4441a7d79ea83bb21f54f6de213dd805c0,4384507,0,90244,18049
130,0x7bb0842fdaed6f69bac39892cd22584abede6eb0,4166074,0,85749,17150
131,0x3e38c31760e15e5dd01a6744588be9556d2301cc,4161193,0,85648,17130
132,0x4aaac6609b4a228a3a5776c0b403832351062a39,4132327,0,85054,17011
133,0x1acf57d8efc5c0c5de0d2f27ad63e4676a411371,4007401,0,82483,16497
134,0xe1a44cbae03c41479b15a5d338c5c340c851c3d7,3897728,0,80225,16045
135,0x2bfd1fc5e25a8f55c2e849492ad7966ea8a0dd9e,3787455,0,77956,15591
136,0xd5dbeea0b217a87f0db04801a36b9ab2d4f90eb6,3717141,0,76508,15302
137,0xc1b8dae38167a313b0366bc8af3147f2d5b3b3f5,3686957,0,75887,15177
138,0x6a9fc05158d798e7da578d676fefb551b6b8f549,3537169,0,72804,14561
139,0x5ef5335028d48314721ca97d60b5524910c03855,3290752,0,67732,13546
140,0x270583a7c74eacb3c67072ae731ad64b218194f4,3202141,0,65908,13182
141,0x3d445155fef77a2671e2e2e7de404044edb7a334,3117625,0,64169,12834
142,0x0afd59dcffe1bb27bcc6f99db80f46c53bd398e0,2928298,0,60272,12054
143,0xf9da49b600228cab30639d5cb1d10220bfe3aaee,2861485,0,58897,11779
144,0xb57763d7c49499b9ff12eb1de2bc67ebc1801643,2722604,0,56038,11208
145,0x4ae3060a4f715017c0e8737c0467dddcb32dadb9,2401295,0,49425,9885
146,0x8a0344ffe0605aaab688ba3afc75ffad20e636e2,2322952,0,47812,9562
147,0xe9daeb54100f3ddab756ec5983dc27e62d0d7f4d,2319517,0,47742,9548
148,0x3d9bb085b7e2fd15827d174f20375be385c121c0,2179259,0,44855,8971
149,0xea692f785f00ca2b6512bceff7dbb4ce107db29a,2168248,0,44628,8926
150,0x4bdc4af3f811f8707341f0286be76e4e2281fbd7,2092806,0,43075,8615
151,0xac42a898a9d58b7c7349399507f29b8fc52531fe,1902769,0,39164,7833
152,0x484f2288c31031177cbfcb36a77106e69cb8db40,1848660,0,38050,7610
153,0x11415669286d998fd85a2a6146c41f6be41a794d,1848237,0,38042,7608
154,0x360375e27e0d22c14a012c2e353bf683195c1dca,1825735,0,37578,7516
155,0xce1fdf1b19ab8d3b57a9f5269d8b9ba7b59f697e,1757946,0,36183,7237
156,0xebf83c14a565fddf5e4e35a63c9cdd2ac10e4a58,1742915,0,35874,7175
157,0x65a1356b04513a016bf78837e8550f28cd8407df,1726963,0,35545,7109
158,0x66d2e51d84b56f7d31284a7e85d3e8e4cd6d2ba2,1724505,0,35495,7099
159,0xb834bf8b31f35debbd45ede30109992485c9aaf3,1705114,0,35096,7019
160,0x52866fd157577897ce627022b9c19bd2e622fd7a,1676286,0,34502,6900
161,0x31bfc180ff871de251972cf4e5350170dfa35ec4,1645910,0,33877,6775
162,0x1bd50181206b77b39f0c7f37d28e25e0ed0ac997,1618041,0,33303,6661
163,0x5162b7bf46e8aab7334218c2976efba9c5507ad6,1566006,0,32232,6446
164,0xae2f95ed2daf108452de9ebf54d92c8464baed6d,1512284,0,31127,6225
165,0x855ee5e44c5dec6687dcf7cd920b4e6db15f4f1b,1463943,0,30132,6026
166,0x639b2458f2591f722728bc2a7483ef5cadaa43fa,1444871,0,29739,5948
167,0xc584878b902a33df9c868ac5e39b1eaa89ec30f3,1282827,0,26404,5281
168,0xe483a11e3311e03da00f346a6d7ccfcf9843840f,1190073,0,24495,4899
169,0xdeacde6ec27fd0cd972c1232c4f0d4171dda2357,1078721,0,22203,4441
170,0xc06ebbefd94032b85424d51906e2a335efae264b,1072300,0,22071,4414
171,0x883c12c8d887937a7213186f90ef21832429dfd3,1065310,0,21927,4385
172,0x406abe0989a1737f305941ef0973ebb170cc6dc5,1058040,0,21777,4355
173,0xe1e982d08e56d9911a16823ff8dd8b40e381a069,1055420,0,21723,4345
174,0x8ea516c3375196b6f790455fe6b4b6e972dee7c9,1050427,0,21620,4324
175,0xafd7ea29b6394cd4c9d35ce3fc9ee6bf4237b2e7,1035602,0,21315,4263
176,0x2a197b0f5caeb63ce70f002fae3f0c88217d3289,1000000,0,20583,4117
177,0x32e1a9a818a34067fc1fce72708c61b82a0ad3d9,1000000,0,20583,4117
178,0xc427eb594bf7e6f83a522bc47007d6276ebaed14,984001,0,20253,4051
179,0xd5f5626afd0469c3f941272612e8f65fc75e47fa,895145,0,18424,3685
180,0x7b045d8ef996b6deca35c9f929c8b1484d18abed,887096,0,18259,3652
181,0x78508554d0fb1653e40bfe858d260659370708a2,872811,0,17965,3593
182,0x17900028e1b3d3dfd8cd8a97f1ad092c99f41cb0,853736,0,17572,3514
183,0x391276932b5105c2db8ee928dfd8872564d6d246,732412,0,15075,3015
184,0x48068b5f7ce0501c46da6702715de4cd3623250e,699143,0,14390,2878
185,0xcaaeb4c464200b12e263ea215dee06a7c7e6e6c9,655320,0,13488,2698
186,0xbed280e18493eaafe76c71b6d510f943b67ea825,605954,0,12472,2494
187,0xcf2ab4add2e518c8f62a6745d64b9578efefc449,604501,0,12442,2488
188,0x14d79bec01526ec4b374027014c63a426310e556,603360,0,12419,2484
189,0xd4e1556cded8fde4014f921f9fbd8a20a6944fdf,553325,0,11389,2278
190,0x505a67e199de3adf081f7881b8475326e31daf2d,552550,0,11373,2275
191,0x7e2e6b94bd2aa0b89fb71ea635b8ef9b36366470,520657,0,10716,2143
192,0x77be02d16293527dbc7b0c894e7b3f8b45698fb1,512407,0,10547,2109
193,0xf1c6e5f20f9186434a856163092f428614c93e2a,499747,0,10286,2057
194,0x4dc94e4f7e3531050dbdcc02cb5f24b813199405,486096,0,10005,2001
195,0x01d5f02eff9f9b962bc16693758a8be10c0610f9,463981,0,9550,1910
196,0xab148ace1ac475a40604a2ab68e0429377b41a5a,453276,0,9330,1866
197,0x608d76203ee2b20fcfedf9fa3bc8ad36c473b881,444499,0,9149,1830
198,0xf278ac8e97dd418a3ce13307fa1b44ff87a18f7c,444499,0,9149,1830
199,0x34d84e2aff17635bdde4a9ecbe26d33efaaf398a,406691,0,8371,1674
200,0xd2151bbc6cf45c08dd687b47ec6745d5d07f9ada,391260,0,8053,1611
201,0x70037abd847f66d046ce66ae2da279b0084c7172,0,26430473,7654,1531
202,0x57579eee59de7b5a78b7a7e9a04836696ded12b8,364028,0,7493,1499
203,0x2fa5a9f19757db76d3ac42292bfeca4bb0b97f63,288999,0,5948,1190
204,0x7aed60bc63fa65f6a6f0509fd8e05006ba2ce6d3,285120,0,5868,1174
205,0x37499ed838ff02714eb700e291afc3f279895f92,284213,0,5850,1170
206,0x35120f26a3129ff72e0fc4861dc74dca50973e97,259466,0,5340,1068
207,0x2d73d7cd4689c4ec5a636106a891920616329739,253957,0,5227,1045
208,0xad87966c2ddf4afa24a1420145a5f894f04c2d29,250692,0,5160,1032
209,0x44485aadfe38e8cb39e1c3bd000d148de774bb3b,0,17320382,5016,1003
210,0xf4d7c574e1c186c7c6be5b50411e42dab40e7b31,236365,0,4865,973
211,0x6a751f409533be7437d36b32be1b452e7a908be1,231715,0,4769,954
212,0x5039a06356b891f6a6969e0d2451e89e016572f2,229418,0,4722,944
213,0x3154f07f682d18bcdc77636e36fa12d6af131ff3,222294,0,4575,915
214,0x7dcd5797bf2cd11f0db0dde85e192f7212050020,211108,0,4345,869
215,0x400af09d76a0ef9af4e1c694131bf6ccf742e313,204039,0,4200,840
216,0x7bc7620d0d84ef434cfa527e0716ae5716e24b02,194764,0,4009,802
217,0x9f900db8e1522c35f498b50e60d5031eec4196d9,153495,414407,3279,656
218,0x5e9ff1d1f2017fc69b5e3accb0d47fc504093973,158073,0,3254,651
219,0x38f5e5b4da37531a6e85161e337e0238bb27aa90,134882,0,2776,555
220,0xb1a15143ba46e4b3ad66400736b81213e14dab61,133671,0,2751,550
221,0x08a03166758064fd09567b8bd4ad0f449c008ded,130455,0,2685,537
222,0x295ead276415b9a1033a95e755620d484d91665d,129410,0,2664,533
223,0x9885d8abc38a7907f5fd70d8efcace81293f2472,121573,0,2502,500
224,0xe3422745ea3e36fc7904ea95d53b77873e241f4b,121188,0,2494,499
225,0x7b6f783dd30f3f213dfdef90a01f20e6712f128d,120430,0,2479,496
226,0xfcd43eb1bf9cd7cc5851f89395a332adf143705f,117405,0,2416,483
227,0x439356b793aa7f838f10423fa37b97d7114a792e,107725,0,2217,443
228,0xca299cfc00414f404d97360c8d681f8a4c965d11,106990,0,2202,440
229,0xf9a4155e17611674940eac5745d66eaf62c2dc9b,104682,0,2155,431
230,0x48d76780573740db23ed6d9d56ea0ff05c82ddf8,98391,0,2025,405
231,0xc8cedb1630ed7e9c1d50a64e65d4b03433f50f7e,97803,0,2013,403
232,0x2ed1231842dd0fb3ac826ded8b6af851cb1168da,83393,0,1716,343
233,0xb21df954d48f4682bff01911a2a590e45dcfbfab,73895,0,1521,304
234,0xd3489cab3b41c6bc2399390c9221ab8294aaa1a6,69653,0,1434,287
235,0xa7bc6bbec8dc077c32be14b18024383344418ac8,60014,0,1235,247
236,0xad01c20d5886137e056775af56915de824c8fce5,49977,0,1029,206
237,0x97daee9eadbf335d2c1e49a162fdb54371b26a4a,47142,0,970,194
238,0x008736652100ef11c017ed94565428bbfd11948a,46880,0,965,193
239,0xc6fc6c74d6456feb87b737e10a354b49c231b288,46308,0,953,191
240,0x823cdd9f6ebcfc3430e023d402190e527dfebd67,46211,0,951,190
241,0xa42a63f236bd1b41bdbf30b2a9ec05b5360eba13,42269,0,870,174
242,0xe5f32306fcf3ac3d5edd300c4cdb49bbd34c965b,42081,0,866,173
243,0x305000693d74e282350cb9c637f994225e1b4d60,41014,0,844,169
244,0x12df729572778e1605efbd309a9c47b1ae1bff1d,40330,0,830,166
245,0x5c29e1258b6bc09b56f9e2e809ce122f3488604f,40000,0,823,165
246,0xb84fbf35e98f73976fb5013d34ae4ead00d3d9c0,40000,0,823,165
247,0x387d16a151ea744cdd0b5e4913c846ace4c7cf08,40000,0,823,165
248,0x017212183e2301288b21221112214a4926602cd8,40000,0,823,165
249,0x60026f433541d660f698b7f31250db550c63c5db,40000,0,823,165
250,0x4b4b3c833f50c8c5faf876d4ef09427f5bb4dfbe,40000,0,823,165
251,0x0c1a14a6925f0c68e5db9db915170d9554d0a7bf,40000,0,823,165
252,0xbf09e2984f70bf62e03a73cc4487966bfe28c0e2,40000,0,823,165
253,0x2da5c03e47afd8d0481d6ce6ca57b8ff319e853b,40000,0,823,165
254,0x30e5a4e6a52b2d6b891454a0fd04938732c55193,40000,0,823,165
255,0xe6e6458559aaf827b482b95865a4fbab20e200fe,40000,0,823,165
256,0x49374cb015affb786fce28b24278c65e78478e77,40000,0,823,165
257,0xe29091094b4a96570848fae3791279130fbc8491,40000,0,823,165
258,0x68562adc0546e5b56f644f56e419517efc00fdee,40000,0,823,165
259,0x355b1a9f48f48bdd2b77607c6aef4a7acd0ddacf,40000,0,823,165
260,0x41f4ddcc02c550a92336a027f248c7e2e0367dd0,40000,0,823,165
261,0xfa7cb0cde2441d756a78fc32f43220de9a861c8f,40000,0,823,165
262,0x82fe8c393d063cb23631dbc8216d4adf941adc9e,40000,0,823,165
263,0x473109f1db73772c007c24bf18033cd66f3946d0,40000,0,823,165
264,0xb22272406ab24a194ca42bb6ad82428938b6bace,40000,0,823,165
265,0xb0c367baf7269eaf5a0ca299f50be419ffcd205a,40000,0,823,165
266,0x2eeaa132a480dc7713423f2e3dae6cfc8f584880,40000,0,823,165
267,0x1aa17349d51636bd9e1a975c49d2ca8d77622d63,40000,0,823,165
268,0x89a30c3ba7ee481e9d7ff5d762cd5b99f0214c58,40000,0,823,165
269,0x86de9d1482fcac427392334c5ada30a40913ca21,40000,0,823,165
270,0xf74b294d50ecf09ef428b00457609d7a4183c77e,40000,0,823,165
271,0x2b5100f01e2d910a73e76de03f6c47c9dacda2f3,40000,0,823,165
272,0x0a8fba0971e8c004b34994de54fe0fb3829e8080,40000,0,823,165
273,0x6e600348f7ab1a577bcdcdcfa90531c6669e2535,40000,0,823,165
274,0x4cc0fb78914b630c8c2da7089c6680e8ebebec1d,40000,0,823,165
275,0x249815e84b81bb23934d4a9e7facee450322b05c,40000,0,823,165
276,0x661e2209b9c6b06c1f32a0639f60d3294185ab35,40000,0,823,165
277,0x2db90e08dde38b7873e63eb7aed46ea3eded81c9,40000,0,823,165
278,0x15fcb36c8a236ad48d72dbea99bd14acdfa0f938,40000,0,823,165
279,0x224e69025a2f705c8f31efb6694398f8fd09ac5c,40000,0,823,165
280,0xa32a6f04e63bc7db2929808d589381c27e8689ed,40000,0,823,165
281,0x252de63173a1258537f86d9f128361065a2c3f12,40000,0,823,165
282,0xa37809b129e7407b5d2595a8d545368924552f42,40000,0,823,165
283,0x6ce09ed5526de4afe4a981ad86d17b2f5c92fea5,40000,0,823,165
284,0xe6bcdfe47d919c0196bffb3633ff26b62de38392,40000,0,823,165
285,0xafc29b78320e686820044159e4202700612a1332,40000,0,823,165
286,0x271f6cf455755d0f4e7930df74a05d7b483cab27,40000,0,823,165
287,0x0a6b799a4e16917d57931e55122ed82e4928108d,40000,0,823,165
288,0xab2ad47987338a87a74b1c28d92cc13696ff61af,40000,0,823,165
289,0xad3d6f4934faa8e317de00b6f88a54aecc17b2e3,40000,0,823,165
290,0x0db018881fe15efe4090d68958707f1148706352,40000,0,823,165
291,0x3a875cc81864120113698daa5c58579ea67021c5,40000,0,823,165
292,0xf033ddf3b70afd4e9d3fe7147617e6a79110c3ef,40000,0,823,165
293,0x808a2adbd0a3fc679e3f7cd18d4f579bfcaaec9c,40000,0,823,165
294,0x1acbb32e13d98a6ca81f0fc52ecf455cc0abfdbf,40000,0,823,165
295,0x9921571d3f2b9321c1148bf0f87237c90450973a,40000,0,823,165
296,0x1b733924da0584c1c90c39c48feb4317cf477b50,40000,0,823,165
297,0xd9191100e4913f4933ff3b6bf6dc84569f8e44e9,40000,0,823,165
298,0xe40c32675ca1b945be73e44234ec4069898508b0,40000,0,823,165
299,0x7d108ba7ca82940779c955f273d47261e9af1322,40000,0,823,165
300,0xea51ddf4d06fdc5cd6564380fa8d05329edfdad6,40000,0,823,165
301,0x10fc964ef70c8467cd8c53e9ed9347422adf96a8,40000,0,823,165
302,0x2b2894d4d1e0233fdda02246371b9e37bb18e10d,40000,0,823,165
303,0x1ef5a1ccd0674dc517381feae197e116ecc52994,40000,0,823,165
304,0xed783d4748bffadc7b7eb1aebf18758deeb2a9cb,40000,0,823,165
305,0x83c382b5a7097a668109fae0fec75a4efb95d009,40000,0,823,165
306,0x7fbe14623602c4c7c0ac64a61631a607ac8bce06,40000,0,823,165
307,0x9f5fe398f2c13245a4ab72642d300f79f1fbb094,40000,0,823,165
308,0x3601a913fd3466f30f5abb978e484d1b37ce995d,40000,0,823,165
309,0xa7b17ba184dd5192ea4eb2c4514129d1912368b5,40000,0,823,165
310,0xdb83ae472f108049828db5f429595c4b5932b62c,40000,0,823,165
311,0x4f986aaea98552a15cb33ad85cc439a3182ecfa2,40000,0,823,165
312,0x969f497a3cca393df96f8cddf0803cd13e30e1b3,40000,0,823,165
313,0x4dd4f67cd7a09521be77af2218249c26949f7bc7,40000,0,823,165
314,0x10718cc154da3e26590f065f2ead8cc76b29a1c1,40000,0,823,165
315,0x887f479910fb79c5cdb4bd29544877f92c69ac9f,40000,0,823,165
316,0x3400da8a66ce6434212d0024ad056a64307b2b1b,40000,0,823,165
317,0x825b6ddaef6c1bcdb7eb9f4293ac72ed90e55731,40000,0,823,165
318,0x56a489c17ce1d19395c175991661855f20fd5c83,40000,0,823,165
319,0x8e5af876f622ee96d80ed29cdd18ddbc9fef2669,40000,0,823,165
320,0xd9bccf1d4fe33a19a57923dd3ba69667b0bab9ec,40000,0,823,165
321,0x04f2953aa1c3525aa14edc9797d7a4b7c6e0bd6d,40000,0,823,165
322,0xe36d2f95a9b69df60dbf029bf7c4fa7d1ff56b90,40000,0,823,165
323,0x38a0d87bdeac77ac859ac910a588cf80a05d854d,40000,0,823,165
324,0x831541bfac25128b2709f15ac88a02b59e7f97dd,40000,0,823,165
325,0x0fbab144bf4e01b00e25b90191a9b8f2a634494d,40000,0,823,165
326,0xb493017ea65117a9905de7327240deef9155fe27,40000,0,823,165
327,0x4ccbf9664dcca14c6e6659ed6752c6b18f85cd90,40000,0,823,165
328,0x13e51ef385e2599d503ccc24530e2bececaa9fe2,40000,0,823,165
329,0x7c672c700ac735dbc446d46d0aaf65c8f0556b6b,40000,0,823,165
330,0x04f33157bfbc472adad0e49c27daeee0cf6a2d1b,40000,0,823,165
331,0xd2f1974368327eb62ede4ce38a02289c7080e43f,40000,0,823,165
332,0x5d9bdf2cd1cdcaa6ec61ddc610c8841585760f39,40000,0,823,165
333,0xde206dcdb2054be6e5d3e81b61b8c7cb7a5d2dda,40000,0,823,165
334,0x08c8e28ce86da2db2c79f1e76451f22159651f9f,40000,0,823,165
335,0x997b0cced542b6d2a7e0bae5649afd9d0861cb4e,40000,0,823,165
336,0x54d06a08ffdf44258a9f9bd2f4b4cdd6692a900f,40000,0,823,165
337,0x8c698e94eef080260542937ba7f8332666e57985,40000,0,823,165
338,0xc7efa766ba2b70a156d001e4e43513db5b3096e2,40000,0,823,165
339,0x83d6202e0bc39b516d4b8b1770fbe3e4d7561baf,40000,0,823,165
340,0xd3015cc7496ea1ec539b05347323b1afeeefdcf6,40000,0,823,165
341,0x8ac829d090fb4b9c0b996c3645d1279a402a1eb1,40000,0,823,165
342,0xf8f469401556521987d94fbe4fc69472c7115c49,40000,0,823,165
343,0x58238dbc15fca679bde30fc85bee5c7ba6f3bb2a,40000,0,823,165
344,0xd13c6ae1f178eaf890c1040caf10b48f266d1755,40000,0,823,165
345,0x868d077d5ae521e972d0494486807363e9d65604,40000,0,823,165
346,0x83cd9013be9db300dc92463026dedafffd5aa987,40000,0,823,165
347,0xdbc813b80a40509237b220793c42b1b2dd984c51,40000,0,823,165
348,0x8342a48694a74044116f330db5050a267b28dd85,40000,0,823,165
349,0x1e4b751b66949b2c48c96a0a28982a2aaecd605b,40000,0,823,165
350,0x4ce449f0cfbda215d80737b1881a7bd6de6ad5ac,40000,0,823,165
351,0xdf8ee3e1948c62f6362816f45bde84f501a45f5b,40000,0,823,165
352,0x02b4e9833827cd0fd4fdf38e2fb84f1c43a3f76b,40000,0,823,165
353,0xa4a85ba1935ba0a94e66898f7bd7c597b1d8de7d,40000,0,823,165
354,0x44c504c31b5662c814e4cb37dfa8420ef03fa702,40000,0,823,165
355,0x67abe811e3ca1b3c8e864bd8b7983f7c771f6634,40000,0,823,165
356,0x80c8606fee2d58211edf56a70a1dbeea993bff78,40000,0,823,165
357,0xceab0087c5fbc22fb19293bd0be5fa9b23789da9,40000,0,823,165
358,0x366a005c3bb78d92827b28f379462b1dda414fa1,40000,0,823,165
359,0xd7bc71d64c40a980c54041f0292c0ea17166574b,40000,0,823,165
360,0xd7e1e42010d91506d52f01bfe0757d81a226a0b4,40000,0,823,165
361,0x11d5d3f2feccb882947bf8ff6599beb823986e75,40000,0,823,165
362,0x31076ec3686ed5ba52d5ce28378bd0bcbe0dd87d,40000,0,823,165
363,0x720c32e71c5474dd91148478345e895baab56dc5,40000,0,823,165
364,0x92bf3b73edba761ef6aed64cf47920024b299ab2,40000,0,823,165
365,0xb1609c8110c3a175c5cd343b73fcf85a9a1f93ee,40000,0,823,165
366,0xa1d307b7522b7479aab82517dcb4dad43939907d,40000,0,823,165
367,0x83686ebc76e22daa3589b9184dce80a7ee3aa8a8,40000,0,823,165
368,0xdb221863401c5174e51af0489f76caf7b32b5ea9,40000,0,823,165
369,0xb1b21884afe6581f3c4997b0320465f18e9682c0,40000,0,823,165
370,0x26a8593ddfa481e8ed4121cde60248e411e18572,40000,0,823,165
371,0x7c712119b7f4f1a2e147425a939e1d5380b15dba,40000,0,823,165
372,0x04a517467501c23666805c56b0005ab04a2d3995,40000,0,823,165
373,0x2a2cf73d7fff3af9f56242c76e2b1c6845016e3b,40000,0,823,165
374,0xf22f784e60d7576ca1fe2f83eb59a2c15f36784b,40000,0,823,165
375,0xcc8df7ab477ea26f7d4d4f2576c673f3e7bc5ed6,40000,0,823,165
376,0x44a4df5697f9da95aa773a5e638e21e5c56398e8,40000,0,823,165
377,0x7fb2ee46c4a0992a03ec58556b85f41f983a31e9,40000,0,823,165
378,0x20348cd90a603d1cca6f1f13f48e07c1ad4ddd29,40000,0,823,165
379,0x1a21c1f29fabebce8cc160bd48f9802a30d9608e,40000,0,823,165
380,0xb9d0f2e23c9f1facb079f0d2097f15b6abd3e328,40000,0,823,165
381,0xb6f6dce6000ca88cc936b450cedb16a5c15f157f,40000,0,823,165
382,0xb2c42d93c1ec6c57b1713e03827369d59866e4b4,40000,0,823,165
383,0xc771a5f654fabdc2952747d86cc65b87e5f2bed8,40000,0,823,165
384,0x633e9ec9fa22f749d2456eebffd12ba37f9be07a,40000,0,823,165
385,0x65299bd32d80be43404983747eb1c189918f74f4,40000,0,823,165
386,0x5a2d88aa605c5731c225cf4f4070c1a5b41b3dfc,40000,0,823,165
387,0xff8fa9737169903feb053d6320d7088cf6ec861b,40000,0,823,165
388,0x3eadae3696bbb656c0ca423f8f37e980c695c964,40000,0,823,165
389,0x08ebb616769bde0da3ef14609e312217658fafd1,40000,0,823,165
390,0x39b62445a8953d373563e66f563742ffd6c78c8d,40000,0,823,165
391,0x74d8bb4a6529122f2d94f505622249f640901dbb,40000,0,823,165
392,0x9a132bee42a0a6e9a16c6d9edd55c41e03258dc2,40000,0,823,165
393,0x586218d09594ab40c5783e2ef529fd5624093b77,40000,0,823,165
394,0x7dea9100a2aef855f57b2207e09b2b4221d19244,40000,0,823,165
395,0x355efbcbcdb96ab72b91cfca2114cd43f93e90ed,40000,0,823,165
396,0x58fe7e684650eebc7b1fdaea33c67961dd2e6c0e,40000,0,823,165
397,0x2211d1d0020daea8039e46cf1367962070d77da9,40000,0,823,165
398,0x149cc7e338464e5332bf6313c29c53c0e0712ff7,40000,0,823,165
399,0xdae78a782b9c0c4c9cb1371e9594845778e3e508,40000,0,823,165
400,0x042c5ab2d87183ca31735dd05179014565d9420e,40000,0,823,165
401,0xf16312e06b4d9e1f6398a2e5b273d30feba58903,40000,0,823,165
402,0x6c122822dfbea334948b9cb2cc3e600fde275879,40000,0,823,165
403,0x36132aad0bcb29668d98376ec4deb2ee395d294a,40000,0,823,165
404,0x7007c1d6d21e9d3179bc4be9468bedb6437c0984,40000,0,823,165
405,0x36622b024b86636ab95bd71a5a1b8dc17f9bd9e4,40000,0,823,165
406,0x3314f540d13e40bef600d7d9153971a352bcf9ea,40000,0,823,165
407,0x1b71b739757452c291b2f239921e7a11b8ed4ba2,40000,0,823,165
408,0x671e672f33504cc36da20368c08bdee440aec4cd,40000,0,823,165
409,0x91fe0ae733a18572f7bdd915c550c779e69d842d,40000,0,823,165
410,0xb18ba7502b48d0d6076f9aae06f68a1266562faa,40000,0,823,165
411,0x6b16baa78c45c7ea4583c668b8cc65ffff543eb7,40000,0,823,165
412,0xc7ec8fc772d8d77863e240c0b6162a74003b4ac5,40000,0,823,165
413,0x04112585ab6e4e9c4faa7c39e49f9d53a77c4566,40000,0,823,165
414,0x88a99ce848eed55f8ec3df4e8dfa9d1fcca6e2b0,40000,0,823,165
415,0xa272bc9d6f462f4f08849adeaf6e49a5d4430c38,40000,0,823,165
416,0xa6c6d2fdb7a42a78446333d56f14febeedccc0d6,40000,0,823,165
417,0xd80c1eed0b442be1fa00f313446d250589d3924a,40000,0,823,165
418,0x84d9e7ff8dbe33d3d244d887f3e9342d83733330,40000,0,823,165
419,0x943f53cc91022a632b18efdb0c2a1ec7c5705b87,40000,0,823,165
420,0x05c8f464cbf819e7ed672fff196fd046137e8e7c,40000,0,823,165
421,0x56f6b5c392774b7b62d6f62522a74b6af759e421,40000,0,823,165
422,0x2d6f78bc8e5a603ffd065b06653b0d6dc272eeeb,40000,0,823,165
423,0x769045fac30d37aa12688093db1cc68305dabd5f,40000,0,823,165
424,0xf6e3bbc950a15f3963db45516f6fbca12db74097,40000,0,823,165
425,0x7532f04010419aee9513cb918bb3320dfb3d7809,40000,0,823,165
426,0xd46168b30ae68b40cbea7d6a8926fa0753ae1c4f,40000,0,823,165
427,0xed73734ae97b0c9d6c4fd8e00196ad047014812f,40000,0,823,165
428,0x70cabd02942f221c3a8db597743b68c6d194b7dc,40000,0,823,165
429,0xcaaa26c5498de67466e6823ef69718feb04c2952,40000,0,823,165
430,0x668b0dbfdf78788598434ad238cbc3764c0b7412,40000,0,823,165
431,0x76c26d84b7f49da661f2902ad26935007334986b,40000,0,823,165
432,0xe0124637e1887ed32f93400d8e15ff9f105e6861,40000,0,823,165
433,0x4adfdb2486ae23e6e94a90f13158841c9c57af13,40000,0,823,165
434,0x60806c321b4755682c047e51fd0ab8142ae22ca4,40000,0,823,165
435,0x67ff6eabaf19a7b5a7a3f42610f71eb54c7c5459,40000,0,823,165
436,0x0f1dc496d119e29637640e71ce3473c65ddc2e47,40000,0,823,165
437,0x938bd196eb1eab50e748c69c782ee02f5b536458,40000,0,823,165
438,0xe3eec21c2188d449ed806c9301407027ec912bd1,40000,0,823,165
439,0x72450e4e29d75d625d89fda9b51864d708d2f38b,40000,0,823,165
440,0xebe9e50473a1dc5018e59923afba121cbdee89d0,40000,0,823,165
441,0xa46971a0d36cc85b502fb6b75f0166af518b18ee,40000,0,823,165
442,0x6177801f3b87ae8ea2f61bd80e7cff0bdc4f7e71,40000,0,823,165
443,0x4b6db99bddd96ef632101812456c7b40f60b8638,40000,0,823,165
444,0x707d9defc3c6620696594a0193d5273cdfb9eda3,40000,0,823,165
445,0x812e608fdb6df361d52d63c9220324105afea8b3,40000,0,823,165
446,0xb1dc0ba9a251d96af13d08564cad84a6216e4940,40000,0,823,165
447,0xc58bfc3b309aa04a0da9ddf1caf0eb0827da8cb7,36850,0,758,152
448,0xf5c4f3dc02c3fb9279495a8fef7b0741da956157,35199,0,724,145
449,0xf22a986858f5560ec914b5940dfd9d419b6cc3a1,33039,0,680,136
450,0x5bd4f8dad276733592b9ba29d98cec5f17db7a09,27575,0,568,114
451,0xc211f2a58a1094aa6b5957d5db96aa2ed5ab88bc,25664,0,528,106
452,0x4c34efbec8bbf9446bab04af1d8adba46874218d,25100,39139,528,106
453,0x71bddbb686d65f568b2d8d7d315d080b44721ad1,24143,0,497,99
454,0x521a7541df2809f007d0f8db2f73c5f841b2b32e,24103,0,496,99
455,0x62d1515100cbaef8957a1a34ee7e27c47ad10825,23816,0,490,98
456,0x3ec3b4efcc74bfa32ffd4839edd83ef7f031ba6d,22795,0,469,94
457,0x428977213e934cdd87f59d5b3f7446f613429a10,18109,0,373,75
458,0x743f1a4371fed3275145a90d9b858c45905da84b,16421,0,338,68
459,0xcd1549f523ad3606cc99950c85711c3dbe62266b,15181,0,312,62
460,0xf03111756d3b51a64e61580fe8df92d040352a01,0,1076164,312,62
461,0xdd4c458858ed6f42cc63cd33f13c841229a8424a,0,1071650,310,62
462,0x96766507d5fb1a7618737d060da238fd14764bc3,15048,0,310,62
463,0xedc6531b10297788cbb0fcfaee904a3803d3e2e4,14839,0,305,61
464,0xe541b22f0d755092776aebad6cc2b93fec80fece,13796,0,284,57
465,0x05d6ad188324147c96a5cb3eed5f113fa58e62d7,13409,0,276,55
466,0xd9c31c372c2461a715f0eadd06f44c81a2bf3b28,13097,0,270,54
467,0x9fa651d23ff45de2efc73eaa3cfeee387318c19a,12550,0,258,52
468,0x9ac6f279cd224bae4d3cc57ee0da4cc88fea6deb,12393,0,255,51
469,0xd519cab2d2ed3359e22f9f0a456c17209ebee011,12109,0,249,50
470,0xda90b5efbec87a5b5dfaa0573b4e0bfcb38f6a06,11937,0,246,49
471,0x48d3b3f9f48283cf5d21beeed876dafef54a06a1,10849,0,223,45
472,0x4f933aee0c0667e7fd8a20b5aee14f63a9093cbc,10107,0,208,42
473,0x43807944fbcaee0c7737a72c1f4c815bfda28041,10064,0,207,41
474,0x3d4cf73ad282921dc8f12839148ae1a960cb313c,9810,0,202,40
475,0xc226436666ef46bb0be74136dbf2b407f6999477,9810,0,202,40
476,0x96b066e9b3903bdea5d719d0c73a6acaae6c2709,9714,0,200,40
477,0x2ef64ec43a5661eecb89d1ef88d4fedd98c8b704,9658,0,199,40
478,0xa5ea2b6be0676d07aa771424371f3222c659119a,9429,0,194,39
479,0xf94224f22aba83bd940bd17346f0f9daeb834076,9161,0,189,38
480,0x933e3922e04d47a466e60a20e486b372b64f1ea8,9089,0,187,37
481,0xb837c86126afd947f9eb20253810bb4b9a906109,8982,0,185,37
482,0xc298089ef7d470975a0c98267ef94f90c12b90b3,8928,0,184,37
483,0xde47a62367bc0b75e4af667cedfa833c1612ad50,8793,0,181,36
484,0x3de6f95bd3baf2a5a0ba73022b4fdf6b576350d9,8779,0,181,36
485,0x014b372f3f534892efcaceda41081604ec6fe7f7,0,608280,176,35
486,0x33f916a3d066f761f489997a2f35b721bd747bed,8360,0,172,34
487,0xc0e62ae8edf23bcc069b0b1fb9e3b0984db43dc0,8224,0,169,34
488,0x15dcb7618a08480850e9f8e8424f123d348d10d1,8142,0,168,34
489,0x008205c636ff58219748a9d35dc0b4617ccf234a,7991,0,164,33
490,0x7fc27998f2edaced03153722c192024bcb0bbccb,7765,0,160,32
491,0x60ef46eeb355f9354ea81522d700ca09fbf0fd06,7729,0,159,32
492,0x77f27032b07bd2c4018e2e25497ea0eaf1616827,7706,0,159,32
493,0xcdbae4c015cf9f52814b8f15bc42a9b086dbdd46,7068,0,145,29
494,0xa353e3a34c209a0e05bfb6ddcbad649915a56aeb,6962,0,143,29
495,0xc9aca9822327d2c84de8db059883cd5f4c5f73ab,6776,0,139,28
496,0x3b3815e612ad89eadc0f4eca364984af871cf2fe,6758,0,139,28
497,0x82c03c2d101cfba689c6ed91fce18e847bc62035,6592,0,136,27
498,0x9c6eaa45a387723f1eb862daf25297eea16a422d,6569,0,135,27
499,0x88633283ae84209aa882364fbd6edded06c064f7,6494,0,134,27
500,0xaa2fe73de41c6e68b8c366065d9cab0bc0c53a57,6283,0,129,26
501,0x89d8955ced7a229673c4d2e63dfe5dc69df82fba,5245,0,108,22
502,0xeb7bb08668a907b5d5937e375b0f3aa656007cb2,4589,0,94,19
503,0x4780397eaa0f48b5b7c6cdc1fb99eca42e43c400,4375,0,90,18
504,0x92088c26aaa01c818d2f6e33229d2712b5f1925a,3994,0,82,16
505,0xfb0a15f58f3c7e5e834f89ffa27056042724bf02,3620,0,75,15
506,0x035695bcd0756d23afe1960c374d014336271242,3329,0,69,14
507,0xe1e0464775bbaac51bf6cb73c4e6392f33c58a26,3293,0,68,14
508,0x09375cd88c85cde52543fed8bb281333d751740f,3155,0,65,13
509,0xa930e2738e9e9219ecf0d3ec8a628e1ceadd61d9,3066,0,63,13
510,0x770315b2708789a1da8dfd963c3519fe88664f14,1788,0,37,7
511,0x10967b827afe636778421e7d4e974c0acf0db8dc,1637,0,34,7
512,0x0b85a7026c789f7e1082388488d6df98c8970f0f,1600,0,33,7
513,0x0658787b5f96a0380360e259435d7cfb4a7854ac,1010,0,21,4
514,0x1a1460d8f7f5956256a50ad5546a22cca1fc4f30,989,0,20,4
515,0x09eba3f868cd383609ee8fa3f2568aa3f07369d4,979,0,20,4
516,0x7cd53f8c5af2a7ec0975652b906b026bf75517e6,977,0,20,4
517,0x172006b8e038c42d5027ab804c70e11f9d72ae23,976,0,20,4
518,0x2eecbd1fe9e378d7f033a3c2398f9fe3ecf224bb,975,0,20,4
519,0x341fc622a950985b30eb1e794daaef9d5de37401,975,0,20,4
520,0xa70204459cdbdd74f19a8d2959da42ff5fa4d268,974,0,20,4
521,0x9ef5964e56cf0f6cd1acff1070206270d7bcdd3d,970,0,20,4
522,0xa7791cb9dcc88e42aa968200494906aaf014e4d8,968,0,20,4
523,0x36e007836c770011e0310a3f4905950a496392cb,966,0,20,4
524,0xebb3c93946de3151f5286ed1b25eacb447c1db41,966,0,20,4
525,0x83bf642f7008e7278acd9d32e5a8aea4b081653c,964,0,20,4
526,0xca43742c5f7d8053e172e667318253418b7190a9,963,0,20,4
527,0xf2b119b55e6c00e9cf1098265e18c9e22dd7c7f3,962,0,20,4
528,0x547090e1f745a86e8679ea8587c47a771a335389,962,0,20,4
529,0x3756ef6609e095d0e85d5d6b92c3283be5a97328,962,0,20,4
530,0xc5a09c2430f4d79bed43598834919117da38e025,961,0,20,4
531,0xdb20856e627ab8be6afe47fcf0f1f8404f12e547,960,0,20,4
532,0x76083452cd43ac4feff8d52240c7a85a478e4e96,960,0,20,4
533,0x982c2e4aab29ceb8f33f6f38dcd83d0527fbdb46,960,0,20,4
534,0xb99f5f05ac5f8a5376bae3444f49cd825c0f684a,959,0,20,4
535,0x96900eaf51841713774a2e9b8002f333ea2114d1,959,0,20,4
536,0xc45caf8368a8dcdf25743d8a97f94c461a075626,959,0,20,4
537,0xfa52d6b1ec795324e6b63637a2da1ff74e578230,959,0,20,4
538,0x8aec6214b6a925f987404c664ee3d682d8a785dc,959,0,20,4
539,0xf9cadc6c70d722b5cc19a375446067e6a21e77d7,958,0,20,4
540,0x39a79b16bb5761123c1bb5a11ff833ce2f5b69b0,958,0,20,4
541,0x8711f94c10c593b0377456dcfec6ed14c7a360c8,957,0,20,4
542,0x464703a8f97bed6b348dbd169424919218b6a75e,957,0,20,4
543,0xc08d9ebbab0db3b73d66d1392efbcf0415502dc4,957,0,20,4
544,0xb18eb2291a1ca150eb25f4972d65ab47f5561440,957,0,20,4
545,0x1cd42a8f41ef834c1d3421cd5224f708dbf00f38,957,0,20,4
546,0x1d55883d1f3472fbcd466f402dbd25fafdf15c56,957,0,20,4
547,0x0c9af4723f3171e491190428318fd217962914fa,957,0,20,4
548,0x9584ad275ba90f0a0b268676c259bfe03655a14f,957,0,20,4
549,0x5ddf1cefb98158a5a5290ddd6ec36d342eb27fee,956,0,20,4
550,0xdb2d114b39250e53164bf59e1381180b95b390fd,955,0,20,4
551,0xefff3ab65962be17004a5bcb48ec0d161537b3e3,955,0,20,4
552,0x3a05a4d10ce3a84155cbdd51c1fa5ea9d7d2acf8,954,0,20,4
553,0x93cd6cbcfa0d32c69bd9dd4aec7057db94e06307,954,0,20,4
554,0x9de1923306a40a11280d8808dfb1d642179bf221,954,0,20,4
555,0x53dcc9924a2402ecb48281120b6fd7a07ff8df00,954,0,20,4
556,0x3bb3da5445e831e027a9b685bac0d9b7759a723c,953,0,20,4
557,0xb66d7afdace426e6dc3864e43a9cf34a6dffbd21,952,0,20,4
558,0x41e078bbe6702dad80460c541a2b37b6370a280e,951,0,20,4
559,0x39e6377ec96be963f45d36bc4f84643ebfd0004f,950,0,20,4
560,0xd9f03f400f87def5bca4da2dc08c1da0c51aea0b,948,0,20,4
561,0x43874e86e523f2378ea73dd54e9957f76d87be9b,944,0,19,4
562,0x10212bea64333fc4d9a3743a13c765019957130f,939,0,19,4
563,0x57ab287436b039fcaf9ac6c3c737d3f507f81ba4,925,0,19,4
564,0x9ce3eb23a41c774ed170053b01d003cfe4120ef7,895,0,18,4
565,0x41bf45073b91776d1b374a782aed6d5d46206539,833,0,17,3
566,0xa65cb0074de663662454995643acad2e7a77bf46,775,0,16,3
567,0x6ff1c5b0fe87bf10eee64e6bfd5a49af9e4f4fdc,672,0,14,3
568,0x9c85d5e4fe419f69adecef1ab0e9866db7ae9f1d,0,46081,13,3
569,0xd720e3372883efd17fa33df86d9022bae6b407e3,539,0,11,2
570,0x3b5918bd62414e370727f1b68e517c0c79b4470f,0,22054,6,1
571,0xbc06eeda3097ae58e2a6e56b1493bd8f16c7fc4b,268,0,6,1
572,0x17911f94f6d592e7bcbc583966a0051dda81ec2a,130,0,3,1
573,0x2f381c5aa8ee3d264c7a89bcad102dedf9094112,86,0,2,0
574,0x783efde04c0cddae7f9a13068b75b8d8debd729a,62,0,1,0
575,0x9a972d8c3a8dd27e5811cbcb75ebdac924fb53a1,49,0,1,0
576,0x2a55e68727eb3409947431e13d57c84ca2c5178e,17,0,0,0
577,0x6363f0d892bfd0e7ff08134db1430568beb98c01,8,0,0,0
578,0x8fe83dab1d17185f091569b440b9e3c7ead1453d,0,321,0,0
579,0x8b1fb4937bab5d02248a0825bf2564863237b00f,0,315,0,0
580,0xaf6e8f06c2c72c38d076edc1ab2b5c2ea2bc365c,0,223,0,0
581,0x410a627a4dd0caafacbe9659c05d117670bf64ce,3,0,0,0
582,0xaaed398ef1a43a46ce34f4d04030e511bf436d6e,1,0,0,0
583,0xbc85bac4bdd86709ac27adf6ac4b98a2f873f5a6,1,0,0,0
584,0x9d7567350ffb57ca89db1f0fbcac7a8f6e4c2702,1,0,0,0
585,0xc8d3050c8d2f5183c7793f72248d96523710f561,1,0,0,0
586,0xaa283fbe7705e4b879d953ca87f626b05cf8859e,1,0,0,0
587,0x7184db5930d836c2930ca610187c0b0507bf6db9,1,0,0,0
588,0xca8f6503503297d6232e79e365d5d19e040902eb,0,0,0,0
589,0x4ff1d40fb7b56665bf95d8d8e3a5320de46709a1,0,0,0,0
590,0x3e05e7460ae05badcf8fc13e3333ecc5be7b8462,0,0,0,0
591,0x4899c15b0f809fe21ec704d883476364454fe2d1,0,0,0,0
592,0xf8c6e733d4e26b2b20d474705ab5b213f9268991,0,0,0,0
593,0x00650b25cc1074f2ff9a31e8f7ff2389765983cb,0,0,0,0
594,0x10c82ef660d9947ede81d93b430080e9aed0dcef,0,1,0,0
595,0xb4dac92199c1c4968c6338f19da00e353137b60b,0,0,0,0
596,0x4e45fdbb2e31b60595ca165caecf99df5b6bc72a,0,0,0,0
597,0xe38699c2647b81aa63515aa7da46234a0cc466cd,0,0,0,0
598,0xeee93493c59dffb847d8e62bc404f4831084405e,0,0,0,0
599,0x8c9cc8013a4ab2732026cc07453ebe06a37a8575,0,0,0,0
600,0xb51b67f6a484fa08671b0049ca60e4dbaa238d3c,0,0,0,0
601,0xc39aa951f7706f2cbcae6617534904efb6dc74b8,0,0,0,0
602,0xc7d2b3bf509cdc5589e273bee71fddde18c65776,0,0,0,0
603,0x856f80152769b71c5264db27909d82b2207da996,0,0,0,0
604,0x287750c93485d51427dd71895461c48277092399,0,0,0,0
605,0x74969f2a29a852a5e8d702a9543b602cfb8f2b8f,0,0,0,0
606,0xe19cdd901dc655ed938777464d71b8d4e5efa248,0,0,0,0
607,0x3831fe5ec6766b15667e4515e0b1f4070204f0bd,0,0,0,0
608,0x169f162c464ee65b0eeb840cfba4e862e5dcebe1,0,0,0,0
609,0x4b571a7675b40b2f92913ec45d610020d979170f,0,0,0,0
610,0x7b62af5ee6e6baa7123ea67692cf521bed206354,0,0,0,0
611,0x731d4843762c7421b7062838900ae70eb4c26afd,0,0,0,0
612,0x1450ef108833f2e119eba7981fea421ba27755a6,0,0,0,0
613,0x5adde54c0e7ee501d8bccf655e2175d5eea6ad4a,0,0,0,0
614,0x4f2b7b52affee468e93f8efdedfc221f56989664,0,0,0,0
615,0x8c7a7c48f13ffb2d598849ab568f2bcb783a6771,0,0,0,0
616,0x1269bd38f2f790a6201107e184433bd8e6c1f05f,0,0,0,0
617,0x828ff627decfd3aa58bf18ec9ce2bfab38f6de75,0,0,0,0
618,0xfaf8dc3e5d9089b6f2e4a9053f5b7073f6655e69,0,0,0,0
619,0x07771b37002a427310d3cc8c12b1cfb54e626ff0,0,0,0,0
620,0x7afebaabc95804c344c174dec452cd4898ff859c,0,0,0,0
621,0x1873ec951c337d5e332df31525db2fed08aa97e0,0,0,0,0
622,0x925608d2d17d7c9a39410a2be63a5652e78ea4c2,0,0,0,0
623,0x38e27edaad92eee7089cd639746fddb706a04788,0,0,0,0
624,0x34fb3d4062590ba21c2850a591e8ccda5dee9278,0,0,0,0
625,0xea049ae9b2fe919c977fc04ead8289d465bd56f8,0,0,0,0
626,0xca97fd2e270a9887a0d3cb3c1d23c446f23a7430,0,0,0,0
627,0x744868bb6befc3f886547e26ccec4220ed7d754e,0,0,0,0
628,0x4fcf41a46df7c859ebb0e0c9078d1f18af1948f1,0,0,0,0
629,0x6fcacb3d2822a533ef1741c7dfeeb64179737d90,0,0,0,0
630,0x98466e8c96e94ffa64257736ae094a4c989b1576,0,0,0,0
631,0x42fe5497a5dfcf41fe2771cd7a177782b33b7408,0,0,0,0
632,0x0df3d3adb618c0fe9824b5ee6e601d218609f483,0,0,0,0
633,0x538ab6cad1b5b676a3b03f723a8f6784b39b781f,0,0,0,0
634,0x0bd64dd7b3c6f12da9691f2def0f5585c08b3aa9,0,0,0,0
635,0xf17f9dc4a1c9424a8b49f44ec8540214d7d0126b,0,0,0,0
636,0x0e2865cf89ec947da933661e6e52b01760f3d4ee,0,0,0,0
637,0x3598fb75959f371873654cb424e29cf401654236,0,0,0,0
638,0xe979ed9d38190c0fbe58c8de73aeed207d281c4b,0,0,0,0
639,0x7b1b17c488433984211473b833e21a6ea237b59a,0,0,0,0
640,0xed246f1ef9cf21c9ce47e07109a705a4e0dc21ff,0,0,0,0
641,0x67991350b334f8f53f703b6578067ecc2c34842e,0,0,0,0
642,0x9521f2fdd722c1d5b61f456375bef9c85fe358e1,0,0,0,0
643,0x521ff78d2c02e0d8f478c32cf6bb9876f825a94f,0,0,0,0
644,0x58aa456d4c3f92ff442620c2c25b0fb4a02ac3fb,0,0,0,0
645,0xaea7b48cb0854bb7706eee73bf929e789a72164c,0,0,0,0
646,0xd157b95c915ebc8f7c7dd390dc2958bdd2682ff4,0,0,0,0
647,0xbf43e96d07f145cbb21e8a38081dfa391c1c6176,0,0,0,0
648,0x90fdadcb12dc5a1d6885eb882c2e80ffe96eeaa4,0,0,0,0
649,0x2a5d8cb42756bc80656099e863441c1e378c1460,0,0,0,0
650,0x455b461513829fc37a02a3acc5fcb8b8dca59751,0,0,0,0
651,0x7099e45d68d4d62e735971f03675996818ded82f,0,0,0,0
652,0x17023c73083f874a8e285de117f6d7308ce1c415,0,0,0,0
653,0xae4b6d8c72232c52c504eece54c36886a65f155d,0,0,0,0
654,0x76ffa8067d7a55c596b193378d77e04ed865b6e4,0,0,0,0
655,0x63d2dfea64b3433f4071a98665bcd7ca14d93496,0,0,0,0
656,0xe247327570b6033f33ff5eea71c69629465cfcdf,0,0,0,0
657,0xcc2f674aa10abd80ce59a3c338e2df48211bd381,0,0,0,0
